Id,SepalLengthCm,SepalWidthCm,PetalLengthCm,PetalWidthCm,Species
1,5.16,3.41,1.64,0.26,setosa
2,5.48,4.05,1.53,0.37,setosa
3,5.1,2.8,1.47,0.38,setosa
4,4.64,3.44,1.53,0.17,setosa
5,4.85,2.87,1.23,0.26,setosa
6,4.91,3.19,1.86,0.35,setosa
7,4.47,3.91,1.42,0.41,setosa
8,5.05,4.13,1.59,0.22,setosa
9,5.2,3.22,1.44,0.21,setosa
10,4.68,2.95,1.59,0.15,setosa
11,4.85,3.68,1.53,0.36,setosa
12,4.68,4.09,1.12,0.24,setosa
13,5.35,3.5,1.66,0.2,setosa
14,5.23,3.78,1.38,0.33,setosa
15,5.4,4.1,1.34,0.29,setosa
16,4.48,3.31,1.4,0.27,setosa
17,5.22,3.32,1.81,0.35,setosa
18,5.01,4.27,1.55,0.28,setosa
19,4.34,3.96,1.62,0.49,setosa
20,4.95,2.92,1.65,0.28,setosa
21,5.77,3.45,1.45,0.33,setosa
22,5.18,2.96,1.26,0.22,setosa
23,5.34,3.15,1.33,0.2,setosa
24,4.75,2.8,1.15,0.31,setosa
25,5.15,3.58,1.63,0.29,setosa
26,5.16,3.14,1.36,0.27,setosa
27,5.57,3.4,1.43,0.32,setosa
28,4.58,3.68,1.6,0.3,setosa
29,5.16,3.02,1.64,0.43,setosa
30,5.32,3.12,1.59,0.15,setosa
31,5.35,3.16,1.66,0.24,setosa
32,4.91,3.52,1.61,0.48,setosa
33,4.35,2.75,1.39,0.22,setosa
34,4.63,4.47,1.18,0.47,setosa
35,5.46,3.15,1.29,0.3,setosa
36,4.39,3.83,1.56,0.43,setosa
37,4.48,2.4,1.54,0.27,setosa
38,4.96,3.61,1.64,0.34,setosa
39,5.37,3.01,1.2,0.31,setosa
40,4.52,3.95,1.91,0.42,setosa
41,5.74,2.73,1.54,0.32,setosa
42,5.53,4.56,1.77,0.36,setosa
43,4.9,2.56,1.51,0.23,setosa
44,5.01,4.05,1.35,0.34,setosa
45,4.87,3.85,1.5,0.37,setosa
46,4.57,3.12,1.56,0.24,setosa
47,5.09,3.47,1.69,0.35,setosa
48,5.14,4.06,1.44,0.21,setosa
49,5.33,3.63,1.63,0.26,setosa
50,5.31,2.94,1.44,0.29,setosa
51,5.63,3.26,1.7,0.27,setosa
52,5.04,3.92,1.4,0.21,setosa
53,5.09,3.27,1.51,0.59,setosa
54,5.11,3.14,1.77,0.26,setosa
55,5,2.9,1.41,0.24,setosa
56,5.49,3.03,1.97,0.18,setosa
57,4.99,3.43,1.39,0.55,setosa
58,4.66,2.97,1.42,0.33,setosa
59,5.67,4.02,1.58,0.29,setosa
60,4.62,3.15,1.07,0.25,setosa
61,5.01,3.97,1.24,0.33,setosa
62,5.04,3.48,1.33,0.27,setosa
63,4.8,3.89,1.99,0.32,setosa
64,4.39,2.83,1.92,0.29,setosa
65,5.06,3.81,1.81,0.22,setosa
66,4.08,3.03,1.29,0.29,setosa
67,5.45,2.47,1.48,0.17,setosa
68,5.43,2.38,1.33,0.2,setosa
69,4.55,4,1.83,0.37,setosa
70,4.95,2.82,1.6,0.28,setosa
71,5.45,2.84,1.45,0.34,setosa
72,4.8,3.58,1.8,0.1,setosa
73,5.14,2.69,1.54,0.24,setosa
74,5.26,3.16,1.31,0.37,setosa
75,5.55,4.1,1.86,0.34,setosa
76,5.49,3.59,1.37,0.26,setosa
77,5.27,3.57,1.45,0.28,setosa
78,4.84,3.79,1.58,0.29,setosa
79,5.68,3.66,1.62,0.36,setosa
80,4.97,3.63,1.56,0.27,setosa
81,5.01,3.72,1.63,0.35,setosa
82,5.7,3.94,1.36,0.24,setosa
83,5.19,2.55,1.64,0.29,setosa
84,5.6,3.32,1.67,0.25,setosa
85,5.32,3.14,1.39,0.21,setosa
86,4.94,3.19,1.4,0.26,setosa
87,4.43,3.23,1.54,0.39,setosa
88,5,3.96,1.22,0.33,setosa
89,5.22,3.05,1.8,0.27,setosa
90,5.3,2.59,1.58,0.16,setosa
91,5.11,2.96,1.66,0.37,setosa
92,4.99,3.45,1.61,0.27,setosa
93,5.26,3.47,1.62,0.26,setosa
94,5.69,3.43,1.67,0.49,setosa
95,5.71,3.43,1.58,0.37,setosa
96,4.16,3.13,1.36,0.24,setosa
97,5.05,3.49,1.37,0.25,setosa
98,4.88,3.61,1.81,0.25,setosa
99,5.72,3.68,1.19,0.5,setosa
100,5.27,3.32,1.32,0.36,setosa
101,4.91,2.8,1.29,0.14,setosa
102,4.86,3.63,1.45,0.35,setosa
103,5.55,3.01,1.7,0.31,setosa
104,5.05,3.14,1.07,0.47,setosa
105,5.73,3.52,1.98,0.32,setosa
106,4.74,4.15,1.7,0.41,setosa
107,4.59,3.15,1.6,0.38,setosa
108,4.82,2.91,1.85,0.19,setosa
109,5.84,3.44,1.59,0.39,setosa
110,4.66,3.72,1.92,0.27,setosa
111,4.18,2.86,1.5,0.33,setosa
112,5.08,3.38,1.3,0.47,setosa
113,4.93,3.76,1.42,0.34,setosa
114,4.72,2.64,1.34,0.25,setosa
115,4.78,3.31,1.46,0.28,setosa
116,4.93,3.81,1.94,0.35,setosa
117,5.42,3.16,1.55,0.27,setosa
118,4.82,2.15,1.36,0.29,setosa
119,5.88,3.26,1.39,0.44,setosa
120,6.36,3.16,1.7,0.26,setosa
121,4.39,3.53,1.48,0.28,setosa
122,4.67,3.24,1.4,0.12,setosa
123,4.84,4.07,1.9,0.4,setosa
124,5.46,3.91,1.49,0.25,setosa
125,4.88,2.49,1.4,0.2,setosa
126,4.45,4.1,1.57,0.55,setosa
127,5.07,2.73,1.51,0.2,setosa
128,5.46,3.81,1.61,0.27,setosa
129,4.73,4.04,1.41,0.26,setosa
130,5.28,4.12,1.53,0.27,setosa
131,4.65,3.95,1.13,0.34,setosa
132,4.7,3.54,1.55,0.25,setosa
133,5.18,3.11,1.56,0.33,setosa
134,4.97,3.33,1.54,0.21,setosa
135,5.29,2.68,1.49,0.26,setosa
136,5.06,3.26,1.77,0.17,setosa
137,5.41,3.3,1,0.18,setosa
138,5.3,2.98,1.62,0.18,setosa
139,5.42,2.81,1.72,0.3,setosa
140,5.45,3.49,1.45,0.31,setosa
141,5.17,3.61,1.49,0.48,setosa
142,4.21,3.38,1.73,0.26,setosa
143,5.27,4.14,1.24,0.29,setosa
144,5.48,2.54,1.66,0.22,setosa
145,4.68,3.17,1.61,0.24,setosa
146,5.11,4.76,1.46,0.2,setosa
147,5.12,3.04,1.56,0.3,setosa
148,4.96,3.21,1.53,0.27,setosa
149,5.2,3.6,1.5,0.33,setosa
150,5.11,3.54,1.5,0.19,setosa
151,5.18,4.22,1.64,0.16,setosa
152,4.64,2.54,1.46,0.39,setosa
153,5.09,2.8,1.19,0.31,setosa
154,6.15,2.85,1.55,0.13,setosa
155,5.43,3.83,1.59,0.38,setosa
156,5.54,3.91,1.21,0.32,setosa
157,4.55,2.83,1.73,0.2,setosa
158,4.25,3.37,1.39,0.26,setosa
159,4.56,2.47,1.48,0.29,setosa
160,4.48,2.95,1.54,0.4,setosa
161,4.84,2.79,1.34,0.45,setosa
162,4.21,3.6,1.46,0.25,setosa
163,5.58,3.41,1.48,0.35,setosa
164,5.77,3.38,1.46,0.2,setosa
165,4.96,3.68,1.53,0.29,setosa
166,4.95,2.75,1.54,0.29,setosa
167,5.16,3.93,1.5,0.28,setosa
168,5.35,2.62,1.04,0.44,setosa
169,4.43,3.35,1.5,0.27,setosa
170,5.61,3.28,1.34,0.44,setosa
171,4.73,2.98,1.51,0.18,setosa
172,5.15,3.19,1.3,0.35,setosa
173,5.14,3.24,1.73,0.3,setosa
174,5.48,3.63,1.43,0.38,setosa
175,5.25,3.3,1.54,0.25,setosa
176,4.61,2.82,1.33,0.42,setosa
177,4.49,4.5,1.2,0.35,setosa
178,4.99,3.35,1.17,0.38,setosa
179,4.92,3.18,1.37,0.32,setosa
180,5.17,3.05,1.57,0.29,setosa
181,4.74,3.75,1.89,0.22,setosa
182,4.86,3.89,1.53,0.27,setosa
183,5.33,3.37,1.52,0.24,setosa
184,5.25,3.15,1.54,0.09,setosa
185,5.47,4.1,1.5,0.38,setosa
186,4.65,3.33,1.12,0.16,setosa
187,4.95,3.12,1.6,0.22,setosa
188,4.88,2.43,1.47,0.11,setosa
189,4.79,3.67,1.33,0.26,setosa
190,4.63,3.14,1.63,0.32,setosa
191,6.28,3.79,1.62,0.41,setosa
192,4.9,4.05,1.61,0.3,setosa
193,5.51,3.18,1.36,0.42,setosa
194,5.1,2.76,1.67,0.34,setosa
195,4.86,3.01,1.38,0.28,setosa
196,5.04,3.53,1.49,0.24,setosa
197,5.55,3.93,1.74,0.43,setosa
198,5.35,3.82,1.69,0.16,setosa
199,4.58,3.75,1.53,0.23,setosa
200,5.24,2.85,1.57,0.28,setosa
201,4.95,3.27,1.69,0.23,setosa
202,4.96,3.45,1.49,0.26,setosa
203,4.9,3.68,1.8,0.33,setosa
204,5.25,3.17,1.7,0.34,setosa
205,5.26,3.82,1.6,0.33,setosa
206,5.67,3.62,1.38,0.45,setosa
207,5.45,2.77,1.45,0.32,setosa
208,4.39,3.06,1.44,0.26,setosa
209,4.85,3.58,1.26,0.24,setosa
210,5.19,3.5,1.8,0.23,setosa
211,4.81,3.93,1.58,0.29,setosa
212,5.39,3.81,1.71,0.32,setosa
213,4.7,3.31,1.44,0.22,setosa
214,5.68,3.45,1.29,0.36,setosa
215,4.68,3.04,1.31,0.3,setosa
216,5.46,4.54,1.61,0.15,setosa
217,5.35,3.48,1.34,0.26,setosa
218,5.19,3.43,1.67,0.42,setosa
219,4.88,4.07,1.13,0.28,setosa
220,5.2,4.15,1.51,0.36,setosa
221,4.71,3.9,2.04,0.23,setosa
222,5.13,2.76,1.67,0.35,setosa
223,5.26,3.54,1.59,0.45,setosa
224,5.35,3.18,1.65,0.32,setosa
225,5.68,3.13,1.49,0.27,setosa
226,4.92,3.37,1.37,0.24,setosa
227,4.76,4.05,1.64,0.3,setosa
228,5.17,3.71,1.81,0.52,setosa
229,4.78,3.82,1.41,0.49,setosa
230,4.73,2.9,1.58,0.28,setosa
231,5.3,3.17,1.92,0.2,setosa
232,4.7,3.69,1.69,0.19,setosa
233,4.69,4.52,1.72,0.24,setosa
234,5.4,3.2,1.24,0.18,setosa
235,5.4,3.27,1.53,0.37,setosa
236,5.14,3.67,0.96,0.44,setosa
237,4.37,3.1,1.63,0.22,setosa
238,4.82,3.98,1.48,0.33,setosa
239,4.86,4.1,1.25,0.44,setosa
240,5.47,3.92,1.57,0.39,setosa
241,5.03,4.08,1.57,0.5,setosa
242,4.57,4.29,1.35,0.4,setosa
243,4.96,2.72,1.39,0.2,setosa
244,5.03,2.3,1.66,0.16,setosa
245,4.76,4.05,1.55,0.14,setosa
246,4.89,2.73,1.68,0.22,setosa
247,5.44,3.18,1.46,0.23,setosa
248,4.99,2.69,1.48,0.33,setosa
249,4.54,3.63,1.35,0.25,setosa
250,5.02,3.13,1.91,0.35,setosa
251,5.3,3.19,1.97,0.34,setosa
252,5.24,3.61,1.65,0.39,setosa
253,5.41,3.9,1.65,0.32,setosa
254,5.49,3.81,1.62,0.27,setosa
255,5.11,3.61,1.59,0.23,setosa
256,4.86,4.59,1.46,0.33,setosa
257,5.27,3.79,1.89,0.37,setosa
258,5.12,2.69,1.57,0.19,setosa
259,4.73,4.07,1.46,0.41,setosa
260,5.37,4.09,1.29,0.19,setosa
261,5.62,2.87,1.84,0.24,setosa
262,5.13,3.1,1.47,0.44,setosa
263,4.72,3.04,1.78,0.35,setosa
264,4.76,3.17,1.62,0.37,setosa
265,5.08,2.7,1.49,0.3,setosa
266,5.7,2.78,1.73,0.08,setosa
267,4.82,4.34,1.64,0.18,setosa
268,4.94,4.05,1.38,0.4,setosa
269,5.27,3.19,1.33,0.13,setosa
270,5.39,3.72,1.19,0.24,setosa
271,5.12,4.15,1.48,0.28,setosa
272,5.21,3.73,1.61,0.3,setosa
273,5.2,3.72,1.4,0.37,setosa
274,5.16,2.85,1.62,0.27,setosa
275,5.22,3.47,1.36,0.08,setosa
276,5.66,2.79,1.72,0.05,setosa
277,5.08,3.29,1.55,0.17,setosa
278,4.89,3.02,1.26,0.43,setosa
279,4.98,3.03,1.57,0.33,setosa
280,4.98,4.17,1.89,0.38,setosa
281,5.47,3.24,1.76,0.45,setosa
282,5.02,3.18,1.81,0.21,setosa
283,5.39,3.07,1.68,0.27,setosa
284,4.8,4.11,1.72,0.35,setosa
285,5.12,4.08,1.67,0.21,setosa
286,4.86,2.8,1.38,0.38,setosa
287,4.88,3.27,1.49,0.35,setosa
288,4.91,2.55,1.79,0.29,setosa
289,5.46,3.68,1.23,0.21,setosa
290,5.29,2.81,1.46,0.44,setosa
291,4.41,2.82,1.22,0.46,setosa
292,5.8,3.97,1.62,0.56,setosa
293,5.13,3.98,1.44,0.43,setosa
294,4.64,3.6,1.52,0.26,setosa
295,4.91,3.33,1.12,0.35,setosa
296,5.58,2.35,1.52,0.32,setosa
297,4.56,3.32,1.41,0.44,setosa
298,4.93,2.82,1.46,0.29,setosa
299,4.33,3.82,1.36,0.42,setosa
300,4.95,3.31,1.45,0.32,setosa
301,4.95,3.76,1.43,0.27,setosa
302,4.66,3.5,1.42,0.35,setosa
303,4.85,2.69,1.41,0.4,setosa
304,5.17,3.33,1.5,0.36,setosa
305,4.58,4.5,1.36,0.29,setosa
306,5.15,3.55,1.22,0.28,setosa
307,4.94,3.66,1.64,0.4,setosa
308,4.76,2.93,1.72,0.49,setosa
309,4.94,4,1.53,0.51,setosa
310,5.11,3.47,1.79,0.22,setosa
311,5.06,2.67,1.48,0.27,setosa
312,4.92,3.48,1.48,0.19,setosa
313,4.98,3.67,1.55,0.18,setosa
314,5.34,2.92,1.11,0.33,setosa
315,4.7,3.94,1.75,0.38,setosa
316,5.45,3.3,1.67,0.32,setosa
317,4.86,3.54,1.57,0.16,setosa
318,5.67,3.19,1.49,0.39,setosa
319,5.25,3.71,1.25,0.3,setosa
320,4.98,3.63,1.84,0.38,setosa
321,5.16,3.78,1.38,0.29,setosa
322,4.26,3.97,1.25,0.18,setosa
323,5.35,4.35,1.32,0.12,setosa
324,4.9,3.34,1.45,0.36,setosa
325,5.39,3,1.71,0.26,setosa
326,4.9,3.46,1.48,0.4,setosa
327,5.3,3.77,1.73,0.24,setosa
328,5.2,3.71,1.66,0.36,setosa
329,4.93,2.6,1.76,0.19,setosa
330,4.68,2.95,1.23,0.2,setosa
331,5.16,3.97,1.46,0.39,setosa
332,4.87,3.29,1.61,0.16,setosa
333,5.44,4.28,1.26,0.37,setosa
334,5.32,3.69,1.56,0.5,setosa
335,5.1,3.73,1.49,0.29,setosa
336,5.04,4.16,1.56,0.36,setosa
337,4.33,3.77,1.87,0.2,setosa
338,4.52,2.33,1.18,0.28,setosa
339,4.73,2.75,1.48,0.46,setosa
340,4.34,3.78,1.32,0.32,setosa
341,4.95,3.25,1.54,0.32,setosa
342,4.87,3.3,1.66,0.27,setosa
343,5.21,3.41,1.54,0.2,setosa
344,5.78,2.89,1.31,0.17,setosa
345,4.71,3.54,1.45,0.31,setosa
346,5.98,2.77,1.78,0.22,setosa
347,5.31,4.45,1.62,0.4,setosa
348,5.01,3.02,1.34,0.22,setosa
349,5.1,3,2.03,0.28,setosa
350,5.3,2.7,1.29,0.13,setosa
351,5.27,4.08,1.13,0.5,setosa
352,4.45,4.45,1.68,0.34,setosa
353,5.32,3.98,1.46,0.31,setosa
354,4.71,4.2,1.53,0.58,setosa
355,5.46,3.58,1.47,0.33,setosa
356,4.71,3.09,1.42,0.34,setosa
357,5.64,2.54,1.29,0.13,setosa
358,5.36,3.77,1.63,0.32,setosa
359,5.13,3.04,1.66,0.15,setosa
360,5.03,3.15,1.52,0.32,setosa
361,5.38,2.99,1.69,0.5,setosa
362,5.14,3.22,1.75,0.22,setosa
363,5.03,4.57,1.85,0.35,setosa
364,5.5,2.25,1.5,0.34,setosa
365,5.34,3.93,1.59,0.3,setosa
366,4.9,3.09,1.45,0.21,setosa
367,5.55,3.61,1.35,0.39,setosa
368,5.28,2.69,1.21,0.31,setosa
369,4.88,3.9,1.46,0.32,setosa
370,4.53,2.65,1.44,0.24,setosa
371,5.55,3.31,1.67,0.32,setosa
372,4.39,2.38,1.43,0.31,setosa
373,4.7,3.82,1.26,0.27,setosa
374,5.74,4.65,1.41,0.35,setosa
375,5.23,3.75,1.93,0.34,setosa
376,4.92,2.9,1.5,0.23,setosa
377,5.14,4.13,1.52,0.31,setosa
378,4.49,2.78,1.55,0.37,setosa
379,5.21,3.52,1.55,0.15,setosa
380,4.86,4.7,1.88,0.37,setosa
381,5.27,2.57,1.75,0.4,setosa
382,5.57,3.9,1.4,0.45,setosa
383,4.98,2.72,1.46,0.16,setosa
384,5.04,3.07,1.57,0.37,setosa
385,4.42,2.22,1.41,0.24,setosa
386,5.81,3.57,1.61,0.49,setosa
387,4.54,3.54,1.36,0.34,setosa
388,5.2,2.72,1.78,0.36,setosa
389,4.93,3.67,1.32,0.37,setosa
390,5.43,3.69,1.61,0.22,setosa
391,4.15,4.24,1.6,0.36,setosa
392,4.94,3.59,1.58,0.25,setosa
393,5.15,2.51,1.33,0.2,setosa
394,5.08,3.8,1.4,0.28,setosa
395,4.7,3.42,1.37,0.46,setosa
396,4.6,3.71,1.59,0.49,setosa
397,4.96,3.66,1.66,0.35,setosa
398,4.81,2.62,1.46,0.36,setosa
399,4.04,2.55,1.5,0.31,setosa
400,5.29,3.02,1.59,0.39,setosa
401,5.59,2.28,4.15,1.43,versicolor
402,5.94,2.89,3.89,0.91,versicolor
403,5.7,2.5,4.31,1.38,versicolor
404,6.21,3.23,4.79,1.07,versicolor
405,6.09,3.44,4.59,1.19,versicolor
406,6.33,2.26,4.41,0.97,versicolor
407,5.68,3.49,5.2,1.71,versicolor
408,6.57,2.76,4.53,1.61,versicolor
409,5.72,2.23,3.95,1.27,versicolor
410,6.95,2.06,3.76,1.16,versicolor
411,5.78,2.84,4.13,1.54,versicolor
412,6.14,3.19,4.02,1.38,versicolor
413,6.16,2.85,4.73,1.85,versicolor
414,6.51,2.32,4.58,1.06,versicolor
415,5.4,2.73,4.25,1.34,versicolor
416,5.1,2.83,5.09,1.39,versicolor
417,5.74,2.66,5.1,1.27,versicolor
418,6.18,2.96,4.96,1.57,versicolor
419,7.24,2.94,4.36,1.18,versicolor
420,6.39,2.98,4.78,1.84,versicolor
421,5.82,3.19,4.96,1.42,versicolor
422,6.05,2.86,3.86,1.5,versicolor
423,6.21,2.9,4.31,1.4,versicolor
424,6.35,2.86,5.03,0.85,versicolor
425,6.59,2.43,3.98,0.98,versicolor
426,6.2,2.7,4.45,1.2,versicolor
427,6.23,3.38,4.45,1.27,versicolor
428,6.42,2.98,4.21,1.26,versicolor
429,5.6,2.71,3.06,1.41,versicolor
430,6.29,2.94,4.4,1.4,versicolor
431,6.63,3.08,4.9,1.24,versicolor
432,5.55,3.06,3.65,1.47,versicolor
433,5.72,2.99,4.38,1.88,versicolor
434,6.25,2.32,4.09,1.22,versicolor
435,6.37,3.79,3.91,1.4,versicolor
436,6.27,2.68,4.55,1.11,versicolor
437,6.37,2.45,3.68,1.16,versicolor
438,4.52,2.48,4.39,1.29,versicolor
439,6.13,3.21,3.75,0.84,versicolor
440,7.21,2.81,4.75,1.41,versicolor
441,6.34,2.61,5.35,1.57,versicolor
442,7.52,2.31,4.35,0.98,versicolor
443,5.91,2.94,4.02,1.18,versicolor
444,5.86,2.38,4.27,1.34,versicolor
445,6.08,2.89,4.13,1.41,versicolor
446,5.13,3.06,3.59,1.31,versicolor
447,6.2,2.6,4.56,1.02,versicolor
448,4.91,3.14,4.31,1.64,versicolor
449,6.38,2.57,4.35,1.39,versicolor
450,6.37,3.14,4.06,1.26,versicolor
451,5.5,1.97,4.96,1.01,versicolor
452,6.1,3.36,3.37,1.12,versicolor
453,5.61,3.1,3.48,1.67,versicolor
454,6.18,2.84,5.6,1.81,versicolor
455,6.12,2.41,3.37,1.13,versicolor
456,6.08,2.83,4.25,1.39,versicolor
457,5.33,3.53,4.24,1.5,versicolor
458,6.23,3.24,4.19,1.46,versicolor
459,5.63,2.57,4.66,1.19,versicolor
460,5.9,2.98,3.78,1.5,versicolor
461,5.99,2.87,4.58,0.92,versicolor
462,6.52,2.83,4.33,1.3,versicolor
463,5.52,3.52,4.54,1.46,versicolor
464,6.87,2.17,4.09,1.28,versicolor
465,6,3.04,4.81,1.3,versicolor
466,6.78,2.28,4.37,1.45,versicolor
467,6.33,3.23,4.99,1.06,versicolor
468,5.39,2.8,3.6,1.19,versicolor
469,6.95,2.71,4.24,1.18,versicolor
470,5,2.79,3.93,1.31,versicolor
471,5.65,2.15,5.24,1.47,versicolor
472,5.53,3.27,4.47,1.6,versicolor
473,6.19,2.81,4.1,1.41,versicolor
474,6.25,2.33,4.29,1.09,versicolor
475,6.22,3.08,4.39,1.97,versicolor
476,6.41,2.87,4.46,1.24,versicolor
477,5.44,2.12,4.53,1.26,versicolor
478,7.17,3.97,3.94,1.48,versicolor
479,5,2.29,4.57,1.21,versicolor
480,5.8,2.83,3.85,1.23,versicolor
481,5.73,2.99,3.63,1.51,versicolor
482,4.94,2.69,5.52,1.15,versicolor
483,5.59,2.54,5.09,1.44,versicolor
484,7.2,1.96,4.03,1.05,versicolor
485,7,3.06,4.86,1.6,versicolor
486,6.39,2.64,4.28,1.04,versicolor
487,6.05,3.13,4.45,1.44,versicolor
488,4.95,3.19,4.79,1.31,versicolor
489,5.97,2.76,4.1,1.09,versicolor
490,6.41,3.12,3.27,2.06,versicolor
491,6.08,3.21,4.23,1.42,versicolor
492,6.13,2.72,4.86,1.32,versicolor
493,6.6,1.9,4.55,1.64,versicolor
494,5.85,2.62,4.33,1.32,versicolor
495,5.85,2.44,5.1,1.23,versicolor
496,5.55,3.33,3.94,1.17,versicolor
497,6.24,2.9,4.39,1.24,versicolor
498,6.82,2.57,4.26,1.12,versicolor
499,6.55,3.14,5.21,1.55,versicolor
500,5.77,2.79,4.28,1.27,versicolor
501,5.56,2.73,3.99,1.34,versicolor
502,5.83,2.72,3.32,1.38,versicolor
503,5.11,2.1,4.4,1.22,versicolor
504,6.78,2.39,4.11,0.92,versicolor
505,6.15,2.36,4.13,0.96,versicolor
506,6.54,2.66,4.21,1.44,versicolor
507,6.79,3.45,2.84,1.45,versicolor
508,6.79,2.76,4.57,1.31,versicolor
509,6.93,3.62,4.79,1.44,versicolor
510,5.84,2.49,4.31,1.29,versicolor
511,5.59,3.11,3.84,1.32,versicolor
512,6.23,3.03,3.93,1.53,versicolor
513,6.76,2.83,4.19,1.41,versicolor
514,5.18,2.54,3.9,1.24,versicolor
515,6,2.81,3.8,1.37,versicolor
516,6.51,3.01,5.14,1.49,versicolor
517,5.03,2.97,4.53,1.18,versicolor
518,6.78,2.58,5.15,1.13,versicolor
519,5.55,2.26,4.33,1.07,versicolor
520,5.84,3,4.45,1.74,versicolor
521,5.13,2.29,4.06,1.52,versicolor
522,5.67,2.34,3.86,0.88,versicolor
523,6.46,2.51,4.16,1.32,versicolor
524,6.47,3.16,4.61,1.19,versicolor
525,5.11,2.98,4.65,1.14,versicolor
526,5.8,3.18,4.74,1.13,versicolor
527,5.8,3.2,4.03,1.79,versicolor
528,5.6,3.02,4.11,1.58,versicolor
529,6.32,2.3,4.38,1.04,versicolor
530,4.91,2.32,4.12,0.78,versicolor
531,5.85,2.65,5.17,1.4,versicolor
532,5.26,3.42,4.36,1.57,versicolor
533,6.57,2.35,4.79,1.2,versicolor
534,6.2,2.62,5.12,1.49,versicolor
535,5.54,2.25,4.6,1.58,versicolor
536,5.95,2.83,4.2,1.24,versicolor
537,5.41,2.26,4.35,1.38,versicolor
538,6.17,2.74,4.29,0.76,versicolor
539,5.27,2.94,4.19,1.5,versicolor
540,6.58,3.36,3.96,1.35,versicolor
541,6.57,3.23,4.16,1.38,versicolor
542,5.49,2.42,4.8,1.05,versicolor
543,6.29,2.33,4.12,1.16,versicolor
544,5.44,2.99,4.12,1.17,versicolor
545,6.93,3.08,3.28,1.43,versicolor
546,6.17,3.42,4.53,1.38,versicolor
547,5.14,2.91,3.29,1.7,versicolor
548,5.15,2.61,4.23,1.29,versicolor
549,6.06,2.62,5.1,1.03,versicolor
550,5.58,3.31,4.54,1.47,versicolor
551,6.3,2.71,5.17,1.51,versicolor
552,6.99,2.48,3.95,1.16,versicolor
553,5.24,3.21,4.26,1.49,versicolor
554,5.61,2.87,4.63,1.19,versicolor
555,6.94,2.37,4.06,1.21,versicolor
556,6.72,2.94,4.26,1.32,versicolor
557,6.49,2.77,3.9,1.65,versicolor
558,5.56,2.51,3.19,1.16,versicolor
559,5.63,2.57,3.57,1.28,versicolor
560,5.7,3.38,4.18,1.23,versicolor
561,6.83,2.22,4.04,1.29,versicolor
562,5.39,1.95,5.15,1.14,versicolor
563,5.72,3.18,4.03,1.37,versicolor
564,5.24,3.13,3.42,1.35,versicolor
565,4.93,2.78,4.79,1.16,versicolor
566,6.49,2.69,4.38,1.39,versicolor
567,5.08,3.22,4.74,1.81,versicolor
568,6.06,2.95,3.92,1.39,versicolor
569,5.34,2.75,3.91,1.52,versicolor
570,6.18,2.86,4.53,1.1,versicolor
571,6.96,2.74,3.68,1.23,versicolor
572,6.22,2.96,4.09,1.47,versicolor
573,7.24,3.22,4.28,1.58,versicolor
574,5.9,2.52,4.87,1.09,versicolor
575,6.71,2.34,4.78,1.66,versicolor
576,5.65,2.9,4.73,1.09,versicolor
577,6.66,2.66,5.23,1.84,versicolor
578,6.16,3.7,4.85,1.6,versicolor
579,6.72,3.18,4.6,1.53,versicolor
580,5.95,2.71,5.06,1.4,versicolor
581,6.03,2.77,4.31,1.08,versicolor
582,5.35,2.97,4.19,1.63,versicolor
583,6.12,2.31,4.84,1.22,versicolor
584,6.3,3.22,3.46,1.32,versicolor
585,5.9,2.61,4.49,1.31,versicolor
586,6.12,2.87,4.46,1.53,versicolor
587,5.94,2.12,3.52,1.28,versicolor
588,6.33,2.49,4.49,1.04,versicolor
589,6.86,3.18,4.78,1.16,versicolor
590,5.45,3.04,4.24,1.24,versicolor
591,5.49,3.5,3.97,1.21,versicolor
592,5.61,2.47,3.75,1.67,versicolor
593,6.17,2.91,3.97,1.75,versicolor
594,6.94,3.16,4.69,1.4,versicolor
595,6.08,2.42,4.16,0.89,versicolor
596,6.04,2.69,3.67,1.03,versicolor
597,5.8,2.04,4.15,0.93,versicolor
598,5.24,2.15,5.07,1.33,versicolor
599,5.91,2.07,3.62,1.05,versicolor
600,5.99,2.82,3.92,1.22,versicolor
601,5.62,3.04,3.9,1.55,versicolor
602,5.58,3.31,5.4,1.67,versicolor
603,6.32,3.63,4.57,1.23,versicolor
604,6.85,3.22,4,1.3,versicolor
605,6.08,2.66,4.33,1.42,versicolor
606,6.22,2.82,5,1.6,versicolor
607,6.58,2.88,3.96,1.41,versicolor
608,6.63,2.41,5.04,1.23,versicolor
609,6.02,2.76,4.29,1.31,versicolor
610,6.08,2.34,4.45,1.43,versicolor
611,5.21,2.98,4.95,1.55,versicolor
612,6.56,2.87,4.37,1.4,versicolor
613,5.38,2.73,3.64,1.14,versicolor
614,6.28,2.81,4.27,1.07,versicolor
615,6.15,2.91,3.94,1.37,versicolor
616,6.18,2.11,4.33,1.31,versicolor
617,5.42,2.71,4.54,1.49,versicolor
618,6.85,3.55,4.77,1.23,versicolor
619,6.08,3.46,3.72,1.14,versicolor
620,5.53,2.59,4.4,1.32,versicolor
621,6.81,2.82,3.82,1.78,versicolor
622,5.69,3.04,3.91,1.54,versicolor
623,6.26,2.2,4.55,0.76,versicolor
624,5.71,3.42,4.29,1.76,versicolor
625,6.28,2.87,3.9,1.12,versicolor
626,5.7,2.48,4.19,1.4,versicolor
627,7.4,3.14,3.52,1.08,versicolor
628,6.15,2.91,3.62,1,versicolor
629,5.85,2.96,4.53,1.23,versicolor
630,5.73,2.81,4.4,0.98,versicolor
631,6.43,2.96,4.72,2.13,versicolor
632,6.49,2.95,4.95,1.41,versicolor
633,6.16,2.53,5.02,1.02,versicolor
634,5.66,2.96,4.64,1.29,versicolor
635,5.23,2.37,4.75,1.35,versicolor
636,5.8,3.01,4.01,1.14,versicolor
637,5.5,2.86,5.74,1.59,versicolor
638,5.07,2.47,4.65,1.87,versicolor
639,5.86,3.31,5.28,1.44,versicolor
640,6.45,3.52,3.14,1.43,versicolor
641,5.42,2.42,3.86,1.23,versicolor
642,5.76,3.02,4,1.12,versicolor
643,5.84,2.37,4.67,1.25,versicolor
644,7.24,2.07,4.08,1.1,versicolor
645,5.97,3.26,4.77,1.38,versicolor
646,6.27,3.11,4.58,1.31,versicolor
647,5.65,2.78,5.15,1.21,versicolor
648,6.99,2.35,4.11,1.09,versicolor
649,6.25,1.7,4.04,0.97,versicolor
650,6.46,2.64,3.95,1.34,versicolor
651,5.51,2.46,3.47,1.5,versicolor
652,6.03,2.09,4.3,1.3,versicolor
653,6.2,2.71,4.5,1.7,versicolor
654,6.69,3.39,4.38,1.4,versicolor
655,6.62,3.56,4.23,1.42,versicolor
656,5.91,2.73,4.61,1.34,versicolor
657,6.62,3.05,4.53,1.17,versicolor
658,6.46,2.44,4.42,1,versicolor
659,7.22,2.78,4.77,1.22,versicolor
660,5.35,2.5,4.3,1.31,versicolor
661,5.9,2.68,5.63,1.31,versicolor
662,6.15,2.57,4.1,1.29,versicolor
663,5.43,3.27,4.14,1.45,versicolor
664,5.6,3.12,4.35,1.49,versicolor
665,6.01,2.57,3.82,1.32,versicolor
666,6.2,2.15,3.72,1.08,versicolor
667,6.25,2.07,4.27,0.81,versicolor
668,5.99,3.29,4.89,1.66,versicolor
669,5.43,2.43,4.52,1.45,versicolor
670,5.93,3.1,4.38,1.13,versicolor
671,6.07,3.08,4.84,1.2,versicolor
672,6.14,2.08,4.38,1.24,versicolor
673,5.73,2.8,4.92,1.45,versicolor
674,6.46,3.45,4.44,1.31,versicolor
675,6.61,2.69,5.06,0.87,versicolor
676,6.92,3.4,4.2,1.6,versicolor
677,5.95,2.49,4.1,1.31,versicolor
678,5.48,2.71,4.03,1.36,versicolor
679,6.1,2.12,4.32,1.05,versicolor
680,5.94,2.76,4.74,1.44,versicolor
681,5.7,3.72,5.61,1.49,versicolor
682,6.83,3.22,5.42,1.33,versicolor
683,6.98,3.34,4.27,1.21,versicolor
684,7.36,2.6,4.64,1.05,versicolor
685,6.6,2.51,4.01,1.17,versicolor
686,5.91,2.96,4.38,1.34,versicolor
687,6.02,2.66,3.13,1.34,versicolor
688,7.24,2.69,4.63,1.06,versicolor
689,5.9,2.25,4.1,1.17,versicolor
690,5.68,3.01,4.48,1.09,versicolor
691,6.76,2.2,4.58,0.86,versicolor
692,5.91,3.3,4.36,1.63,versicolor
693,5.85,2.86,4.07,1.46,versicolor
694,6.05,2.33,4.39,0.9,versicolor
695,5.8,2.9,4.14,1.28,versicolor
696,5.69,2.41,4.77,1.22,versicolor
697,5.56,2.12,4.02,1.06,versicolor
698,6.19,2.95,3.78,1.38,versicolor
699,5.9,2.21,4.04,0.97,versicolor
700,6.15,2.87,4.9,0.99,versicolor
701,6.59,2.54,4.71,1.86,versicolor
702,5.84,2.15,4.15,0.82,versicolor
703,5.78,2.82,4.62,1.31,versicolor
704,7.31,2.59,5.2,1.04,versicolor
705,6.1,2.42,4.5,1.56,versicolor
706,5.89,2.61,4.23,1.74,versicolor
707,6.52,2.4,4.18,1.41,versicolor
708,5.01,2.06,4.47,0.98,versicolor
709,5.78,3.04,4.85,1.45,versicolor
710,7.04,2.99,4.88,1.67,versicolor
711,6.62,2.65,4.42,1.09,versicolor
712,5.89,2.81,4.62,1.2,versicolor
713,6.03,3.1,4.46,1.3,versicolor
714,6.96,2.35,3.94,1.21,versicolor
715,6.45,3.08,3.87,1.37,versicolor
716,5.66,2.48,4.11,1.09,versicolor
717,5.5,2.75,4.4,1.35,versicolor
718,6.01,2.52,4.7,1.24,versicolor
719,6.33,2.17,3.48,1.03,versicolor
720,5.96,3.03,3.63,1.3,versicolor
721,6.01,3.2,3.43,1.01,versicolor
722,6.02,2.82,3.08,1.03,versicolor
723,6.33,1.8,4.25,1.17,versicolor
724,6.17,3.43,4.58,1.14,versicolor
725,5.75,2.88,3.24,1.61,versicolor
726,5.58,3.01,4.22,1.25,versicolor
727,5.66,2.36,3.4,1.39,versicolor
728,5.56,2.81,3.99,1.5,versicolor
729,6.7,3.74,4.11,1.63,versicolor
730,6.31,3.47,4.38,1.53,versicolor
731,5.77,2.84,3.98,1.45,versicolor
732,6.31,3.08,4.47,1.47,versicolor
733,6.71,2.24,5.22,1.22,versicolor
734,6.28,2.76,3.97,1.35,versicolor
735,5.04,2.71,3.9,1.22,versicolor
736,6.67,2.73,5.04,1.16,versicolor
737,6.37,2.08,4.6,1.21,versicolor
738,6.53,3.42,4.11,1.11,versicolor
739,5.36,3.43,4.42,1.65,versicolor
740,6.42,2.54,4.87,1.29,versicolor
741,5.68,2.14,3.72,0.96,versicolor
742,6.16,2.37,4.97,1.21,versicolor
743,4.92,3.14,3.43,1.57,versicolor
744,6.32,2.46,3.5,1.37,versicolor
745,6.65,3.14,4.95,1.15,versicolor
746,6.2,3.15,4.25,1.6,versicolor
747,6.24,3.15,3.66,1.23,versicolor
748,7.08,2.58,4.27,1.62,versicolor
749,5.38,2.8,4.36,1.22,versicolor
750,6.04,2.7,4.03,0.95,versicolor
751,5.67,2.84,3.28,0.89,versicolor
752,6.57,2.29,4.78,1,versicolor
753,5.85,3.48,4.7,1.34,versicolor
754,5.56,3.24,3.61,0.99,versicolor
755,5.62,2.58,3.45,0.65,versicolor
756,6.04,3.03,4.82,1.12,versicolor
757,6.46,3.31,3.42,1.38,versicolor
758,4.62,2.89,4.03,1.45,versicolor
759,6.41,2.63,4.81,1.07,versicolor
760,5.42,2.4,4.16,1.22,versicolor
761,5.61,2.44,4.64,1.14,versicolor
762,7,2.97,4.86,0.99,versicolor
763,5.5,2.54,4.72,1.55,versicolor
764,7.19,2.42,4.24,1.08,versicolor
765,5.34,2.37,4.07,1.2,versicolor
766,6.24,2.63,4.61,1.2,versicolor
767,6.65,2.77,3.4,1.3,versicolor
768,5.25,2.77,4.43,1.15,versicolor
769,5.51,2.79,4.51,1.49,versicolor
770,6.35,2.92,4.88,1.49,versicolor
771,5.29,2.73,5.14,1.44,versicolor
772,5.81,3.48,3.98,1.45,versicolor
773,4.97,3.34,3.28,1.44,versicolor
774,5.44,3.22,4.36,1.52,versicolor
775,6.2,2.92,4.89,1.36,versicolor
776,7.16,3.47,4.23,1.66,versicolor
777,5.2,3.32,3.82,1.49,versicolor
778,5.72,2.31,4.79,0.83,versicolor
779,6.08,2.96,4.3,1.12,versicolor
780,6.4,3.24,4.01,1.07,versicolor
781,6.52,2.94,4.15,1.26,versicolor
782,4.94,3.15,4.23,1.51,versicolor
783,5.93,2.42,4.42,1.13,versicolor
784,6.38,2.49,3.74,1.43,versicolor
785,6.14,2.68,4.67,1.13,versicolor
786,6.21,2.81,4.95,0.97,versicolor
787,5.88,2.63,5.08,1.5,versicolor
788,6.76,2.27,4.45,0.96,versicolor
789,5.32,2.48,2.9,1.36,versicolor
790,6.52,2.8,3.36,1.2,versicolor
791,5.67,2.9,3.9,1.52,versicolor
792,6.04,3.19,3.81,0.99,versicolor
793,5.44,2.59,4.3,1.15,versicolor
794,5.81,2.81,3.64,1.48,versicolor
795,6.4,2.84,3.4,1.12,versicolor
796,5.34,3.02,4.33,1.46,versicolor
797,5.62,3.51,4.09,1.7,versicolor
798,6.08,3.07,4.88,1.7,versicolor
799,5.09,1.81,5.44,1.01,versicolor
800,6.09,2.55,4.82,0.87,versicolor
801,6.59,3.42,5.42,2,virginica
802,6.36,3.18,5.25,1.88,virginica
803,7.75,2.22,6.33,1.81,virginica
804,6.94,3.96,6.32,2.68,virginica
805,5.97,3.19,4.18,1.71,virginica
806,7.28,3.48,4.56,2.28,virginica
807,6.29,3.47,5.93,1.65,virginica
808,6.7,2.03,6.31,1.72,virginica
809,6.1,3.38,5.17,2.81,virginica
810,6.57,3.65,6.3,1.94,virginica
811,5.48,3.44,5.62,2.9,virginica
812,6.7,3.02,4.59,2.2,virginica
813,6.82,3.15,5.72,1.51,virginica
814,7.13,2.53,5.78,1.78,virginica
815,7.28,3.87,4.8,1.93,virginica
816,5.98,3.53,5.28,2.05,virginica
817,5.94,3.18,5.6,2.74,virginica
818,6.83,2.75,5.65,2.09,virginica
819,6.33,3.31,6.15,2.13,virginica
820,6.61,3.21,5.7,1.98,virginica
821,5.49,2.73,5.37,1.69,virginica
822,6.72,3.26,5.32,2.92,virginica
823,7.88,1.93,5.14,1.56,virginica
824,5.71,2.56,5.87,1.97,virginica
825,6.25,3.36,6.23,1.5,virginica
826,7.07,2.3,5.9,1.48,virginica
827,7.35,2.76,6.61,2.1,virginica
828,5.73,3.37,6.39,2.27,virginica
829,6.23,3.18,6.7,1.72,virginica
830,7.11,3.21,5.45,1.59,virginica
831,5.51,2.98,5.79,1.97,virginica
832,6.47,2.77,6.28,2.26,virginica
833,7.5,2.74,5.04,2.37,virginica
834,7.92,2.85,6.48,2.24,virginica
835,7.24,4.03,4.9,2.15,virginica
836,6.28,2.97,6.1,1.56,virginica
837,6.78,3.58,5.46,2.52,virginica
838,6.12,2.41,5.56,1.49,virginica
839,6.15,2.49,5.6,1.74,virginica
840,6.71,2.93,5.54,1.63,virginica
841,5.34,2.57,4.71,1.55,virginica
842,6.54,3.14,5.25,2.52,virginica
843,6.88,2.89,6.24,2.37,virginica
844,5.36,2.66,5.76,2.33,virginica
845,6.81,3.1,5.22,1.91,virginica
846,7.07,2.83,7.01,1.98,virginica
847,5.95,2.6,5.96,1.6,virginica
848,5.51,2.91,5.97,2.16,virginica
849,7.71,2.04,5.36,1.7,virginica
850,7.81,2.43,5.59,2.03,virginica
851,6.98,3.2,5.91,2.29,virginica
852,7.47,2.65,5.97,1.14,virginica
853,6.03,2.84,5.02,2.49,virginica
854,6.53,2.53,7.05,1.59,virginica
855,5.64,3.03,5.7,2.13,virginica
856,6.72,3.13,5.3,2.03,virginica
857,7.08,3.4,4.71,2.25,virginica
858,6.72,2.92,5.47,1.91,virginica
859,7.82,3.24,5.74,2,virginica
860,6.16,3.44,6,1.8,virginica
861,6.61,3.54,5.65,1.92,virginica
862,6.37,2.26,5.84,1.37,virginica
863,6.16,2.23,5.01,1.58,virginica
864,4.88,3.63,5.65,1.9,virginica
865,6.47,2.85,6.05,2.13,virginica
866,6.51,3.6,6.49,2.83,virginica
867,6.64,2.5,6.01,1.45,virginica
868,6.92,2.54,5.51,1.8,virginica
869,6,2.87,5.17,1.79,virginica
870,7.66,3.44,6.89,1.63,virginica
871,6.21,2.93,4.88,1.1,virginica
872,7.46,3.21,4.98,1.97,virginica
873,6.21,2.97,5.13,1.57,virginica
874,7.3,3.96,5.84,1.9,virginica
875,6.41,2.48,5.84,1.71,virginica
876,6.99,2.53,6.41,1.56,virginica
877,6.69,3.08,5.51,1.84,virginica
878,7.3,3.06,5.54,2.05,virginica
879,6.75,3.49,6.36,1.61,virginica
880,7.23,2.23,4.36,1.85,virginica
881,5.87,3.48,5.92,1.48,virginica
882,6.72,3.59,5.08,1.52,virginica
883,7.44,2.97,4.57,1.43,virginica
884,7.81,3.45,5.25,1.61,virginica
885,6.92,2.55,6.21,1.52,virginica
886,7.55,2.88,6.23,2.65,virginica
887,6.87,3.82,6.45,2.46,virginica
888,6.52,2.08,5.16,1.66,virginica
889,5.32,2.57,5.6,2.43,virginica
890,6.36,2.17,5.78,1.73,virginica
891,5.42,2.9,6.01,1.67,virginica
892,6.68,3.34,5.86,1.94,virginica
893,6.74,3.64,6.14,2.49,virginica
894,5.69,3.14,5.87,2.2,virginica
895,5.94,2.27,5.18,1.65,virginica
896,7.68,2.61,6.39,2.3,virginica
897,6,2.64,5.28,1.58,virginica
898,7.02,3.5,6.02,2.07,virginica
899,7.27,3.4,6.35,1.52,virginica
900,7.22,3.25,5.57,2.7,virginica
901,8.29,2.64,5.28,1.6,virginica
902,5.93,3.3,5.73,1.79,virginica
903,6.42,2.55,4.46,1.52,virginica
904,6.92,3.43,5.05,2.11,virginica
905,7.21,2.78,4.75,1.56,virginica
906,5.64,2.57,5.04,1.81,virginica
907,6.03,3.69,6.57,2.09,virginica
908,6.81,2.42,4.52,1.61,virginica
909,7.32,2.67,5.8,1.95,virginica
910,6.85,2.65,5.48,1.75,virginica
911,5.77,2.89,5.09,1.92,virginica
912,7.07,2.62,5.57,1.59,virginica
913,7.18,3.52,6.37,2.15,virginica
914,7.02,3.12,6.23,1.85,virginica
915,6.49,3.72,5.41,1.46,virginica
916,6.7,3.37,4.89,1.81,virginica
917,6.87,2.73,5.77,1.3,virginica
918,7.14,3.17,5.28,2.04,virginica
919,6.88,3.09,5.19,2.27,virginica
920,7.17,3,5.6,2.01,virginica
921,7.02,2.89,5.47,1.75,virginica
922,8.65,3.05,6.21,1.83,virginica
923,6.78,3.55,6.33,2.23,virginica
924,6.95,2.35,6.01,1.86,virginica
925,7.57,3.3,5.29,2.27,virginica
926,6.33,2.94,6.43,2.56,virginica
927,6.14,3.5,5.26,2.04,virginica
928,5.91,2.61,6.4,2.19,virginica
929,7.65,2.9,5.98,1.49,virginica
930,6.91,3.25,7.84,2.95,virginica
931,5.82,2.03,6.62,2.18,virginica
932,6.7,3.33,4.63,1.94,virginica
933,7.42,2.75,5.08,1.47,virginica
934,7.43,3.2,4.29,2.09,virginica
935,6.22,2.29,5.1,1.75,virginica
936,6.71,3.34,4.94,2.34,virginica
937,5.51,3.06,5.27,2.06,virginica
938,6.43,3.4,6.52,1.76,virginica
939,6.41,2.28,6.5,1.95,virginica
940,6.75,2.65,5.38,2.23,virginica
941,5.99,3.49,5.78,2.19,virginica
942,5.88,3.41,5.57,1.99,virginica
943,7.15,2.82,5.36,1.69,virginica
944,5.37,3.12,4.73,1.68,virginica
945,5.21,2.9,4.29,1.61,virginica
946,5.84,2.89,5.52,2.24,virginica
947,7.18,2.73,6.23,1.87,virginica
948,6.86,3.13,5.3,2.44,virginica
949,6.98,2.85,5.85,1.88,virginica
950,6.28,2.88,6.17,2.38,virginica
951,5.72,3.32,4.61,1.74,virginica
952,6.87,2.3,5.11,2.02,virginica
953,5.82,3.11,5.84,2.23,virginica
954,5.68,2.43,5.07,2.13,virginica
955,6.18,2.52,4.88,1.85,virginica
956,6.44,2.57,5.32,1.76,virginica
957,6.11,3.1,5.17,2.26,virginica
958,6.34,2.84,6.15,2.22,virginica
959,5.91,2.9,5.93,1.7,virginica
960,5.83,3.25,6.11,2.41,virginica
961,7.13,2.54,4.85,1.73,virginica
962,7.63,3.23,6.55,2.43,virginica
963,6.15,3.47,5.54,1.85,virginica
964,6.69,3.26,6.54,1.85,virginica
965,6.04,3.21,4.65,2.42,virginica
966,6.98,2.53,5.5,1.52,virginica
967,6.71,3.57,5.39,1.94,virginica
968,6.08,3.33,5.74,2.46,virginica
969,6.47,3.33,5.16,1.51,virginica
970,5.53,3.26,6.02,2.4,virginica
971,5.39,2.32,5.85,1.88,virginica
972,5.08,3.2,5.22,2.28,virginica
973,6.84,3.15,5.8,2.39,virginica
974,6.21,3.45,5.23,1.55,virginica
975,6.74,2.76,5.92,1.85,virginica
976,8.14,2.73,5.51,2.08,virginica
977,7.28,2.55,6.17,1.9,virginica
978,5.93,3.38,6.11,2.03,virginica
979,5.54,3.02,6.03,1.79,virginica
980,7.05,3.35,5.37,2.41,virginica
981,6.19,2.11,6.19,1.64,virginica
982,7,3.16,5.48,1.99,virginica
983,6.91,3.83,4.62,2.09,virginica
984,6.56,3.1,5.6,2.08,virginica
985,6.73,2.99,6.62,1.8,virginica
986,6.12,1.91,5.94,2.16,virginica
987,7.32,3.49,5.49,2.48,virginica
988,6.74,2.75,5.45,1.72,virginica
989,6.54,3.1,7.25,2.5,virginica
990,7.63,3.11,5.96,2.03,virginica
991,6.96,2.73,5.36,2.05,virginica
992,6.62,2.6,4.83,2.16,virginica
993,6.2,2.58,5.97,2.06,virginica
994,7.18,3.13,6.04,2.05,virginica
995,6.9,2.75,6.02,2.62,virginica
996,9.12,2.93,6.37,2.63,virginica
997,6.77,3.14,5.6,1.67,virginica
998,5.35,3.11,6.19,1.84,virginica
999,5.11,2.56,4.3,1.86,virginica
1000,7.55,3.17,4.5,2.01,virginica
1001,6.86,3.15,5.18,1.88,virginica
1002,4.75,2.34,4.62,1.84,virginica
1003,6.55,2.13,5.1,1.78,virginica
1004,6.34,3.09,4.99,2.29,virginica
1005,6.19,3.37,5.25,2.5,virginica
1006,5.67,3.58,7.05,1.76,virginica
1007,5.92,3.04,5.28,2.14,virginica
1008,6.98,2.79,6.33,2.52,virginica
1009,6.41,3.7,5,1.28,virginica
1010,6.92,2.38,6.15,1.61,virginica
1011,5.79,2.66,5.83,1.88,virginica
1012,6.83,3.13,5.86,1.49,virginica
1013,6,3.08,5.88,2.37,virginica
1014,6.19,3.02,6.07,2.03,virginica
1015,7.57,3.25,6.2,2.16,virginica
1016,5.85,2.59,5.67,1.67,virginica
1017,6.56,3.02,4.35,1.58,virginica
1018,7.39,2.79,5.08,2.28,virginica
1019,6.64,2.6,4.51,1.47,virginica
1020,6.23,2.87,4.98,1.34,virginica
1021,8.1,2.45,5.96,1.74,virginica
1022,7.47,2.56,6.56,1.68,virginica
1023,5.77,3.29,5.68,1.82,virginica
1024,7.09,2.23,5.22,1.76,virginica
1025,6.84,3.01,6.03,1.83,virginica
1026,7.79,2.81,4.56,1.4,virginica
1027,6.68,3.47,5.97,2.1,virginica
1028,7.72,2.77,6.08,2.28,virginica
1029,7.54,2.49,6.37,1.42,virginica
1030,6.16,2.64,5.07,1.45,virginica
1031,7.02,2.48,4.7,1.46,virginica
1032,5.92,3,5.4,1.33,virginica
1033,6.24,2.96,5,2.47,virginica
1034,6.83,3.05,6.58,2.6,virginica
1035,7.09,3,5.39,2.14,virginica
1036,6.71,3.42,5.93,2.76,virginica
1037,6.63,3.21,4.63,1.43,virginica
1038,6.75,3.33,5.5,2.07,virginica
1039,7.07,3.2,5.28,1.9,virginica
1040,6.1,2.62,5.77,1.63,virginica
1041,6.23,2,5.19,1.67,virginica
1042,6.79,3.25,5.53,2.49,virginica
1043,5.57,2.6,6.09,1.62,virginica
1044,6.43,3.24,5.61,1.95,virginica
1045,7.61,2.6,5.14,1.75,virginica
1046,5.96,3.13,5.69,2.11,virginica
1047,8.38,2.77,5.85,2.21,virginica
1048,7.34,2.6,5.8,1.77,virginica
1049,5.3,2.8,6.65,1.36,virginica
1050,4.55,3.59,6.1,1.79,virginica
1051,6.21,2.17,6.03,1.54,virginica
1052,6.82,2.12,5.25,1.77,virginica
1053,6.39,2.9,4.77,1.61,virginica
1054,6.97,2.66,6.23,1.26,virginica
1055,6.72,2.44,5.96,1.69,virginica
1056,6.46,3.33,4.24,2.34,virginica
1057,7.55,3.42,4.84,2.45,virginica
1058,5.57,3.76,5.49,2.18,virginica
1059,5.46,2.79,5.04,2.19,virginica
1060,7.93,3.36,6.66,2.14,virginica
1061,6.16,3.63,4.44,2.55,virginica
1062,7.06,4.21,5.82,1.82,virginica
1063,7.22,2.68,5.87,1.79,virginica
1064,7.18,3.78,5.93,1.94,virginica
1065,6.42,2.75,5.23,2.5,virginica
1066,6.89,2.42,5.99,1.63,virginica
1067,6.6,2.31,5.16,2.05,virginica
1068,6.95,3.19,5.45,2.7,virginica
1069,5.19,3.23,4.41,1.69,virginica
1070,6.49,3.06,5,1.69,virginica
1071,7.16,3.32,6.75,1.66,virginica
1072,6.64,3.12,5.22,2.04,virginica
1073,6.75,2.35,6.27,1.8,virginica
1074,7.19,2.71,4.63,2.17,virginica
1075,6.28,2.65,4.81,1.88,virginica
1076,5.85,3.61,5.12,1.81,virginica
1077,6.11,3.2,4.65,1.51,virginica
1078,6.49,2.62,5.12,1.98,virginica
1079,6.66,2.91,6.63,2.02,virginica
1080,6.55,3.11,4.58,2.42,virginica
1081,7.22,2.64,5.55,2.08,virginica
1082,6.06,3.56,4.89,2.42,virginica
1083,6.95,2.23,6.09,1.54,virginica
1084,6.73,2.45,5.8,1.82,virginica
1085,5.1,3.2,4.55,2.41,virginica
1086,8.24,3.39,6.63,2.18,virginica
1087,6.47,2.1,5.24,1.91,virginica
1088,5.26,2.6,5.47,1.93,virginica
1089,7.27,3.44,5.71,1.69,virginica
1090,7.27,2.73,5.76,1.52,virginica
1091,6.73,2.89,5.71,1.59,virginica
1092,6.14,3.14,5.27,2.64,virginica
1093,5.81,2.94,5.72,2.26,virginica
1094,7.03,3.07,4.33,1.81,virginica
1095,6.99,2.99,4.81,2.99,virginica
1096,5.98,2.53,5.58,1.76,virginica
1097,5.92,2.74,4.66,1.83,virginica
1098,6.89,2.87,5.41,1.85,virginica
1099,7.47,2.14,6.14,1.61,virginica
1100,7.09,2.76,5.1,1.55,virginica
1101,6.34,3.09,5.7,2.17,virginica
1102,6.42,3.18,5.49,2.54,virginica
1103,6.09,3.43,5.34,2.38,virginica
1104,6.64,2.78,4.83,1.16,virginica
1105,6.65,2.54,6.08,1.75,virginica
1106,7.23,3.35,6.17,1.63,virginica
1107,6.69,3.01,4.6,1.72,virginica
1108,5.75,1.96,5.82,1.65,virginica
1109,6.13,3.21,5.34,1.79,virginica
1110,6.35,3.25,6.28,2.07,virginica
1111,6.8,2.75,4.44,1.68,virginica
1112,5.88,3.36,4.13,1.91,virginica
1113,6.17,2.43,5.22,1.88,virginica
1114,7.74,3.48,6.52,2.31,virginica
1115,5.54,3.54,4.82,1.76,virginica
1116,6.94,3.36,5.72,2.39,virginica
1117,7.48,2.67,5.52,1.42,virginica
1118,6.73,3.48,5.71,2.28,virginica
1119,7.01,2.8,6.08,1.87,virginica
1120,5.56,2.73,5.2,1.8,virginica
1121,6.47,3.14,5.09,2.1,virginica
1122,7.15,2.46,5.46,1.24,virginica
1123,6.69,2.27,6.17,1.93,virginica
1124,7.54,3.92,5.39,2.02,virginica
1125,5.16,2.19,5.07,2.02,virginica
1126,5.92,2.73,5.39,1.52,virginica
1127,7.35,3.15,5.76,2.11,virginica
1128,5.76,3.36,5.86,2.07,virginica
1129,6.83,2.28,5.48,1.5,virginica
1130,6.65,3.04,4.85,2.2,virginica
1131,6.82,4.22,5.09,2.62,virginica
1132,6,3.34,6.57,2.3,virginica
1133,7.04,2.9,5.69,1.56,virginica
1134,6.95,2.43,5.38,1.42,virginica
1135,6.72,3.58,6.08,2.21,virginica
1136,5.37,3.11,5.18,2.97,virginica
1137,6.44,3.29,5.81,2.49,virginica
1138,7.26,3.26,5.86,2.04,virginica
1139,6.44,2.45,5.87,1.4,virginica
1140,6.07,3.2,4.64,2.05,virginica
1141,5.99,2.74,4.72,2.14,virginica
1142,7.43,2.55,6.29,1.86,virginica
1143,6.57,2.51,6.69,1.76,virginica
1144,6.45,3.2,6.24,2.01,virginica
1145,6.11,3.5,4.98,2.82,virginica
1146,6.5,3.64,5.59,2,virginica
1147,7.05,3.3,5.12,2.25,virginica
1148,6.52,3.46,5.32,1.9,virginica
1149,6.48,2.65,5.8,1.31,virginica
1150,6.8,3.42,5.45,2.47,virginica
1151,8.03,3.01,5.81,2.02,virginica
1152,6.26,3.07,4.99,2.1,virginica
1153,6.98,1.97,6.52,1.63,virginica
1154,6.45,2.51,6.23,1.64,virginica
1155,6.99,3.01,6.41,1.15,virginica
1156,5.98,3.26,4.88,2.37,virginica
1157,6.04,3.08,5.49,2.58,virginica
1158,5.38,3.06,6.09,2.32,virginica
1159,6.01,1.8,5.92,2.14,virginica
1160,5.2,1.74,5.77,1.42,virginica
1161,6.35,2.91,5.98,1.89,virginica
1162,5.61,3.06,5.83,2.47,virginica
1163,6.83,3.25,5.07,2.03,virginica
1164,6.97,4.11,5.67,2.49,virginica
1165,7.12,2.25,5.17,1.26,virginica
1166,6.49,3.1,6.52,2.03,virginica
1167,6.05,3.6,6.11,2.07,virginica
1168,6.98,2.58,5.13,2.15,virginica
1169,7.53,2.65,5.79,1.54,virginica
1170,7.03,3.46,5.27,2.36,virginica
1171,7.42,2.75,5.07,1.82,virginica
1172,6.01,2.33,4.83,1.9,virginica
1173,6.82,3.29,4.68,1.89,virginica
1174,6.33,2.95,5.93,2.19,virginica
1175,7.02,3.15,6.1,2.68,virginica
1176,6.94,3.42,4.99,1.83,virginica
1177,7.85,2.86,5.63,1.75,virginica
1178,6.42,3.06,5.77,1.78,virginica
1179,6.54,3.31,5.61,2.28,virginica
1180,6.91,3.3,6.77,2.6,virginica
1181,6.87,2.84,6.36,2.11,virginica
1182,7.03,2.28,5.8,0.93,virginica
1183,5.74,3.25,6.31,2.09,virginica
1184,7.18,3.78,5.13,2.42,virginica
1185,5.63,2.89,4.85,1.72,virginica
1186,7,3.24,6.41,2.31,virginica
1187,7.08,2.73,6.72,1.9,virginica
1188,7.69,2.38,5.41,1.76,virginica
1189,6.16,3.07,5.3,1.88,virginica
1190,6.35,3.19,4.78,2.32,virginica
1191,7.41,3.32,4.85,2.3,virginica
1192,5.67,3.16,4.5,2.11,virginica
1193,6.52,3.03,5.82,2.46,virginica
1194,5.42,2.78,6.13,1.68,virginica
1195,5.8,1.93,4.81,2.03,virginica
1196,5.36,2.51,5.16,1.93,virginica
1197,7.49,3.06,7.68,2.17,virginica
1198,6.79,3.25,4.72,2.26,virginica
1199,6.38,2.24,5.3,1.71,virginica
1200,5.16,3.2,5.64,1.43,virginica